ai_a,ai_b,pair_id,game_in_pair,opening_plies,a_moves_first,winner,moves_after_opening,a_search_ms,b_search_ms,a_simulations,b_simulations,a_policy_evaluations,b_policy_evaluations,a_policy_inference_us,b_policy_inference_us
MLP_MCTS,AlphaBeta,0,0,0,1,MLP_MCTS,33,5171.771,4801.054,1605340,0,24109,0,3202584.400,0.000
MLP_MCTS,AlphaBeta,0,1,0,0,AlphaBeta,39,5759.620,6000.867,4364541,0,19359,0,3327176.700,0.000
MLP_MCTS,AlphaBeta,1,0,0,1,MLP_MCTS,11,1829.350,1500.364,306172,0,9075,0,1206464.400,0.000
MLP_MCTS,AlphaBeta,1,1,0,0,MLP_MCTS,26,3975.478,3900.765,979118,0,14059,0,2851537.800,0.000
MLP_MCTS,AlphaBeta,2,0,0,1,AlphaBeta,34,5168.699,5102.216,1484932,0,18501,0,3329303.200,0.000
MLP_MCTS,AlphaBeta,2,1,0,0,AlphaBeta,35,5173.539,5400.868,1719522,0,19134,0,3432889.200,0.000
MLP_MCTS,AlphaBeta,3,0,0,1,MLP_MCTS,13,2141.815,1800.502,586788,0,7541,0,1402043.400,0.000
MLP_MCTS,AlphaBeta,3,1,0,0,AlphaBeta,35,5163.855,5400.747,3480371,0,23635,0,3157251.700,0.000
MLP_MCTS,AlphaBeta,4,0,0,1,MLP_MCTS,19,3045.936,2700.380,1753447,0,21445,0,1839889.400,0.000
MLP_MCTS,AlphaBeta,4,1,0,0,MLP_MCTS,40,6066.089,6000.615,7454311,0,36833,0,3167178.600,0.000
MLP_MCTS,AlphaBeta,5,0,0,1,MLP_MCTS,37,5773.094,5400.748,4623532,0,41042,0,3526350.400,0.000
MLP_MCTS,AlphaBeta,5,1,0,0,AlphaBeta,35,5160.135,5400.645,3528815,0,34888,0,3135386.400,0.000
MLP_MCTS,AlphaBeta,6,0,0,1,AlphaBeta,30,4575.761,4500.677,434122,0,36547,0,3158302.200,0.000
MLP_MCTS,AlphaBeta,6,1,0,0,AlphaBeta,39,5789.881,6001.614,1615653,0,34436,0,3523458.200,0.000
MLP_MCTS,AlphaBeta,7,0,0,1,MLP_MCTS,13,2129.374,1800.437,684279,0,6690,0,1361907.500,0.000
MLP_MCTS,AlphaBeta,7,1,0,0,MLP_MCTS,24,3699.509,3601.173,738705,0,16153,0,2644131.000,0.000
MLP_MCTS,AlphaBeta,8,0,0,1,MLP_MCTS,13,2137.308,1800.424,708544,0,6948,0,1367966.100,0.000
MLP_MCTS,AlphaBeta,8,1,0,0,MLP_MCTS,22,3359.215,3300.555,773176,0,23935,0,2211828.300,0.000
MLP_MCTS,AlphaBeta,9,0,0,1,MLP_MCTS,33,5174.154,4800.627,1473687,0,39813,0,3485351.700,0.000
MLP_MCTS,AlphaBeta,9,1,0,0,AlphaBeta,35,5160.047,5400.586,3905203,0,35751,0,3104007.300,0.000
MLP_MCTS,MCTS,0,0,0,1,MCTS,38,5770.224,5983.526,4210500,0,40805,0,3570447.100,0.000
MLP_MCTS,MCTS,0,1,0,0,MLP_MCTS,34,5161.100,5372.985,5218890,0,32497,0,2801953.700,0.000
MLP_MCTS,MCTS,1,0,0,1,MCTS,22,3353.140,3497.984,483005,0,26115,0,2248410.900,0.000
MLP_MCTS,MCTS,1,1,0,0,MCTS,25,3651.604,4137.050,157232,0,30397,0,2640141.800,0.000
MLP_MCTS,MCTS,2,0,0,1,MLP_MCTS,31,4860.360,4779.392,2756615,0,33742,0,2955180.100,0.000
MLP_MCTS,MCTS,2,1,0,0,MCTS,33,4859.586,5362.682,1252703,0,37742,0,3261190.200,0.000
MLP_MCTS,MCTS,3,0,0,1,MLP_MCTS,37,5756.562,5776.183,2421516,0,20743,0,3748134.900,0.000
MLP_MCTS,MCTS,3,1,0,0,MLP_MCTS,30,4554.012,4799.293,724845,0,17738,0,3243403.700,0.000
MLP_MCTS,MCTS,4,0,0,1,MCTS,32,4855.135,5063.602,1087155,0,23312,0,3091445.800,0.000
MLP_MCTS,MCTS,4,1,0,0,MCTS,25,3663.019,4157.498,37130,0,16371,0,2693559.500,0.000
MLP_MCTS,MCTS,5,0,0,1,MCTS,20,3047.674,3182.942,130532,0,12536,0,2246059.100,0.000
MLP_MCTS,MCTS,5,1,0,0,MCTS,33,4955.577,5351.151,1522811,0,15283,0,3214098.700,0.000
MLP_MCTS,MCTS,6,0,0,1,MCTS,24,3651.280,3856.255,160474,0,16740,0,2694492.800,0.000
MLP_MCTS,MCTS,6,1,0,0,MLP_MCTS,38,5778.063,6121.459,1779552,0,26028,0,3895438.300,0.000
MLP_MCTS,MCTS,7,0,0,1,MCTS,30,4544.014,4778.808,906127,0,15611,0,3112528.700,0.000
MLP_MCTS,MCTS,7,1,0,0,MCTS,33,4859.421,5398.886,616349,0,17319,0,3409207.300,0.000
MLP_MCTS,MCTS,8,0,0,1,MCTS,30,4568.272,4811.771,307569,0,18010,0,3372643.100,0.000
MLP_MCTS,MCTS,8,1,0,0,MCTS,23,3340.267,3839.169,200870,0,12686,0,2461669.100,0.000
MLP_MCTS,MCTS,9,0,0,1,MCTS,28,4260.548,4479.557,114516,0,16743,0,3223628.400,0.000
MLP_MCTS,MCTS,9,1,0,0,MLP_MCTS,38,5765.091,6119.833,2686519,0,17445,0,3484148.400,0.000
MLP_MCTS,PureMC,0,0,0,1,MLP_MCTS,35,5463.688,5101.371,2121260,0,19000,0,3445984.300,0.000
MLP_MCTS,PureMC,0,1,0,0,MLP_MCTS,38,5769.349,5703.221,4387675,0,34287,0,3468121.300,0.000
MLP_MCTS,PureMC,1,0,0,1,MLP_MCTS,23,3649.541,3300.290,1480177,0,26331,0,2359722.100,0.000
MLP_MCTS,PureMC,1,1,0,0,PureMC,37,5459.951,5700.488,1607019,0,35315,0,3169993.500,0.000
MLP_MCTS,PureMC,2,0,0,1,MLP_MCTS,39,6059.822,5724.564,2542771,0,21932,0,3611019.700,0.000
MLP_MCTS,PureMC,2,1,0,0,MLP_MCTS,32,4852.584,4816.787,1686880,0,16630,0,3070625.800,0.000
MLP_MCTS,PureMC,3,0,0,1,PureMC,36,5477.930,5403.521,1050238,0,31342,0,3633086.100,0.000
MLP_MCTS,PureMC,3,1,0,0,MLP_MCTS,14,2132.657,2126.542,127801,0,9007,0,1484734.100,0.000
MLP_MCTS,PureMC,4,0,0,1,MLP_MCTS,23,3649.481,3300.550,751168,0,12985,0,2525368.700,0.000
MLP_MCTS,PureMC,4,1,0,0,MLP_MCTS,26,3949.865,3900.687,706226,0,16643,0,2789814.000,0.000
