pair_id,game_in_pair,opening_plies,mlp_moves_first,winner,moves_after_opening,mlp_search_ms,cnn_search_ms,mlp_simulations,cnn_simulations,mlp_policy_evals,cnn_policy_evals
0,0,3,1,DRAW,39,15164.334,14451.585,13070605,7768963,50470,1729
0,1,3,0,MLP_MCTS,28,10648.051,10652.745,3945958,15123,48088,1590
1,0,5,1,MLP_MCTS,15,6101.163,5315.955,2003823,837,27312,797
1,1,5,0,MLP_MCTS,20,7617.826,7598.374,2677356,1255,35852,1128
2,0,2,1,MLP_MCTS,13,5334.967,4566.714,2455662,2020,20199,680
2,1,2,0,MLP_MCTS,16,6104.730,6082.841,2355274,947,26437,913
3,0,4,1,MLP_MCTS,17,6869.856,6088.785,2222113,6232,29415,911
3,1,4,0,MLP_MCTS,18,6854.312,6828.617,2815456,1165,29439,1016
4,0,5,1,DRAW,37,14409.749,13687.286,11989881,6837162,52325,1722
4,1,5,0,CNN_MCTS,21,7629.120,8359.424,91427,23049,39470,1242
5,0,6,1,MLP_MCTS,31,12122.748,11396.896,8678063,2707710,45792,1552
5,1,6,0,CNN_MCTS,13,4583.186,5320.075,26990,6320,22771,791
6,0,5,1,DRAW,37,14393.224,13673.382,12430303,7242068,52748,1683
6,1,5,0,MLP_MCTS,22,8354.989,8371.512,2933776,1606,36837,1185
7,0,2,1,DRAW,40,15136.377,15194.620,10105023,11244583,50083,1624
7,1,2,0,CNN_MCTS,19,6863.538,7624.989,268360,2074,24955,912
8,0,5,1,MLP_MCTS,21,8371.903,7668.093,2163094,862,24393,792
8,1,5,0,MLP_MCTS,6,2281.505,2288.716,1084817,271,6531,274
9,0,3,1,MLP_MCTS,17,6848.493,6123.996,2680587,4829,19198,619
9,1,3,0,MLP_MCTS,30,11370.938,11412.386,6048022,1081278,38463,1378
10,0,5,1,MLP_MCTS,25,9882.576,9157.761,1703653,1881,38460,1164
10,1,5,0,MLP_MCTS,30,11353.612,11425.820,7048794,1454534,31703,1293
11,0,4,1,DRAW,38,14374.750,14565.460,6344313,6218376,32317,1185
11,1,4,0,CNN_MCTS,13,4571.753,5371.577,297065,3913,14623,567
12,0,5,1,MLP_MCTS,23,9110.534,8391.332,2767443,1296,36617,1112
12,1,5,0,DRAW,37,13637.392,14467.532,6978611,8191991,49134,1631
13,0,6,1,MLP_MCTS,9,3804.973,3042.871,1211171,411,14001,400
13,1,6,0,MLP_MCTS,2,755.594,758.257,1243234,104,1308,102
14,0,2,1,MLP_MCTS,25,9884.051,9147.505,1096699,1677,44135,1224
14,1,2,0,MLP_MCTS,30,11396.588,11426.564,1702200,20025,46896,1519
15,0,3,1,CNN_MCTS,30,11377.459,11430.768,3157928,1029168,39581,1461
15,1,3,0,MLP_MCTS,10,3806.195,3819.510,1441347,550,14674,515
16,0,5,1,MLP_MCTS,21,8365.613,7619.477,1857700,7668,34724,1034
16,1,5,0,MLP_MCTS,32,12116.677,12165.871,7475040,2817917,41862,1548
17,0,3,1,MLP_MCTS,31,12126.193,11411.371,8131249,3655183,39641,1374
17,1,3,0,MLP_MCTS,32,12119.493,12186.715,5584829,9411,40179,1593
18,0,5,1,CNN_MCTS,26,9868.258,9912.143,2113015,183918,35147,1285
18,1,5,0,MLP_MCTS,4,1518.088,1521.723,1081523,202,4516,201
19,0,4,1,MLP_MCTS,11,4564.416,3813.859,1552933,970,15949,483
19,1,4,0,CNN_MCTS,23,8357.694,9136.541,643975,2766,36348,1235
20,0,5,1,CNN_MCTS,22,8372.783,8371.548,173016,2443,39384,1164
20,1,5,0,MLP_MCTS,4,1516.277,1520.949,1344963,237,4377,218
21,0,4,1,MLP_MCTS,13,5329.189,4559.283,815201,744,24133,668
21,1,4,0,MLP_MCTS,16,6080.142,6084.288,2811821,4817,22581,872
22,0,4,1,DRAW,38,14387.962,14429.371,10110576,10909412,46938,1561
22,1,4,0,CNN_MCTS,29,10626.593,11405.919,2005042,41643,41344,1578
23,0,3,1,MLP_MCTS,27,10630.635,9880.272,3615092,1705,41722,1333
23,1,3,0,MLP_MCTS,32,12143.978,12187.185,5607420,706525,43740,1561
24,0,3,1,MLP_MCTS,15,6075.324,5343.024,3481810,2171,20072,696
24,1,3,0,CNN_MCTS,11,3807.071,4578.926,18289,106311,16010,581
25,0,3,1,MLP_MCTS,37,14405.654,13718.256,7066321,2458179,47114,1663
25,1,3,0,CNN_MCTS,29,10626.465,11431.208,2149594,2691356,37504,1352
26,0,4,1,MLP_MCTS,31,12127.104,11415.245,5309995,1368089,44137,1429
26,1,4,0,CNN_MCTS,19,6855.765,7617.333,128465,45288,30838,1016
27,0,2,1,MLP_MCTS,11,4575.344,3806.979,125787,521,19103,513
27,1,2,0,MLP_MCTS,12,4566.691,4561.971,1005634,657,18964,631
28,0,6,1,MLP_MCTS,1,757.735,0.000,825363,0,2274,0
28,1,6,0,MLP_MCTS,12,4559.851,4565.514,2234870,879,17366,641
29,0,2,1,MLP_MCTS,19,7614.658,6850.412,1172632,1103,32605,940
29,1,2,0,MLP_MCTS,36,13629.097,13679.131,10536419,3213412,46068,1686
30,0,5,1,MLP_MCTS,21,8348.096,7627.476,2716464,1731,33446,1028
30,1,5,0,MLP_MCTS,34,12871.302,12923.285,10439812,5436373,39413,1460
31,0,2,1,MLP_MCTS,29,11387.006,10668.840,3717512,14925,42033,1377
31,1,2,0,CNN_MCTS,37,13631.568,14445.924,8670334,8741257,41271,1500
32,0,5,1,MLP_MCTS,29,11374.003,10668.680,4479672,1903,42161,1390
32,1,5,0,CNN_MCTS,13,4570.931,5329.638,26845,2973,20150,705
33,0,4,1,CNN_MCTS,12,4572.010,4583.867,42922,6761,19312,608
33,1,4,0,MLP_MCTS,8,3039.231,3045.202,1281197,419,11111,406
34,0,3,1,CNN_MCTS,20,7614.531,7617.098,41764,8241,34158,1021
34,1,3,0,CNN_MCTS,39,14379.860,15225.453,7892522,7041885,52242,1847
35,0,5,1,MLP_MCTS,9,3803.435,3039.550,1421721,450,14159,407
35,1,5,0,MLP_MCTS,2,754.943,764.509,1478728,114,1290,101
36,0,4,1,MLP_MCTS,33,12868.565,12164.493,10726294,4024907,37055,1429
36,1,4,0,MLP_MCTS,24,9119.910,9149.288,2900177,1466,34091,1172
37,0,6,1,MLP_MCTS,3,1517.705,759.593,1053014,130,4416,99
37,1,6,0,MLP_MCTS,16,6082.518,6096.296,1624828,796,23474,780
38,0,4,1,MLP_MCTS,7,3042.012,2287.490,861537,297,11113,297
38,1,4,0,MLP_MCTS,12,4564.066,4571.421,1433069,638,17020,590
39,0,2,1,MLP_MCTS,25,9880.628,9126.628,2353054,3759,38189,1209
39,1,2,0,MLP_MCTS,26,9849.736,9872.398,5325937,500571,32181,1288
40,0,2,1,MLP_MCTS,21,8366.570,7621.015,1363304,1282,35004,1011
40,1,2,0,MLP_MCTS,30,11369.267,11428.782,5559970,861324,37595,1425
41,0,6,1,CNN_MCTS,16,6082.718,6099.226,37498,3487,24351,724
41,1,6,0,MLP_MCTS,16,6077.375,6095.109,2077831,4743,23105,762
42,0,6,1,CNN_MCTS,12,4574.292,4581.650,26418,14752,19745,605
42,1,6,0,CNN_MCTS,17,6096.680,6854.763,87215,6719,28500,907
43,0,3,1,MLP_MCTS,39,15152.530,14453.453,11018590,5347983,51997,1769
43,1,3,0,MLP_MCTS,4,1517.725,1521.637,1346490,231,4745,221
44,0,4,1,CNN_MCTS,22,8369.307,8362.595,1890725,36077,37921,1238
44,1,4,0,CNN_MCTS,29,10635.466,11409.578,1971454,4062,49632,1679
45,0,6,1,MLP_MCTS,5,2283.105,1520.693,628912,338,10159,225
45,1,6,0,MLP_MCTS,10,3801.451,3797.664,1398179,617,17071,563
46,0,4,1,MLP_MCTS,15,6080.930,5332.980,3349866,953,23001,777
46,1,4,0,MLP_MCTS,34,12876.725,12914.527,8073945,565378,47649,1855
47,0,6,1,MLP_MCTS,23,9107.081,8364.696,3215660,3144,39769,1231
47,1,6,0,CNN_MCTS,33,12108.046,12919.422,9680035,9189275,43998,1544
48,0,3,1,MLP_MCTS,23,9123.078,8361.711,1916999,1718,43447,1225
48,1,3,0,MLP_MCTS,14,5320.014,5320.881,2664654,1817,22842,772
49,0,3,1,MLP_MCTS,33,12892.312,12224.203,4418017,479095,36573,1263
49,1,3,0,CNN_MCTS,39,14391.576,15316.259,5886939,6419327,30667,1190
50,0,2,1,MLP_MCTS,29,11379.211,10739.088,3775218,353181,27520,984
50,1,2,0,MLP_MCTS,8,3039.997,3068.730,923593,295,6542,283
51,0,6,1,MLP_MCTS,25,9859.011,9190.976,3817422,196493,23160,834
51,1,6,0,MLP_MCTS,30,11362.838,11498.961,4485786,1209496,26460,1004
52,0,4,1,CNN_MCTS,32,12126.565,12254.122,3404260,2577073,30733,1112
52,1,4,0,MLP_MCTS,14,5321.074,5354.983,1280069,525,14562,520
53,0,3,1,CNN_MCTS,26,9877.980,9954.731,803064,15465,28491,937
53,1,3,0,MLP_MCTS,6,2280.373,2298.260,1080151,237,5268,211
54,0,3,1,MLP_MCTS,35,13626.872,12947.757,10392745,4766224,40229,1486
54,1,3,0,MLP_MCTS,10,3805.617,3800.896,1560585,1067,15505,551
55,0,5,1,MLP_MCTS,25,9883.800,9133.117,3284878,2449,43564,1306
55,1,5,0,CNN_MCTS,29,10611.343,11405.031,7167203,7792554,36385,1392
56,0,6,1,MLP_MCTS,9,3795.580,3045.533,2510578,6225,14217,441
56,1,6,0,CNN_MCTS,9,3048.180,3803.540,19355,4991,15024,552
57,0,2,1,MLP_MCTS,5,2279.464,1525.205,1233432,310,8103,222
57,1,2,0,MLP_MCTS,28,10610.113,10653.383,3893567,1773,43685,1559
58,0,2,1,CNN_MCTS,32,12142.815,12166.287,5209376,4794757,41291,1486
58,1,2,0,CNN_MCTS,31,11397.263,12196.556,2385748,1759148,41881,1491
59,0,6,1,CNN_MCTS,14,5328.193,5349.328,27433,7834,20397,633
59,1,6,0,MLP_MCTS,16,6086.899,6121.023,2776614,838,20079,730
60,0,6,1,MLP_MCTS,9,3805.247,3054.807,657739,401,13254,351
60,1,6,0,MLP_MCTS,24,9093.018,9178.369,3515637,16172,26935,1058
61,0,4,1,MLP_MCTS,35,13664.640,13008.983,5297404,2510446,32718,1122
61,1,4,0,MLP_MCTS,10,3813.454,3825.907,668443,339,8709,336
62,0,5,1,MLP_MCTS,31,12141.537,11554.406,2633078,1109,28007,916
62,1,5,0,MLP_MCTS,28,10624.410,10750.662,3116795,1190,25067,953
63,0,5,1,MLP_MCTS,29,11393.150,10684.240,7220893,2959555,26985,1038
63,1,5,0,MLP_MCTS,26,9873.562,9949.635,4927870,28354,31539,1134
64,0,5,1,CNN_MCTS,14,5337.596,5350.984,28993,80635,19307,606
64,1,5,0,MLP_MCTS,12,4567.573,4567.531,972693,553,17139,553
65,0,6,1,MLP_MCTS,7,3051.386,2293.874,1285593,283,10167,281
65,1,6,0,DRAW,36,13601.081,13705.328,11182852,6652330,32190,1319
66,0,6,1,MLP_MCTS,5,2282.863,1530.966,1078857,205,6807,197
66,1,6,0,MLP_MCTS,32,12096.050,12201.156,10035547,5571543,32096,1203
67,0,4,1,MLP_MCTS,29,11375.163,10719.050,4449738,655441,34907,1129
67,1,4,0,MLP_MCTS,34,12868.782,13010.821,7538693,1599621,29775,1236
68,0,2,1,MLP_MCTS,5,2284.606,1526.781,872791,196,6761,174
68,1,2,0,MLP_MCTS,30,11383.429,11479.073,4537534,389190,28082,1086
69,0,5,1,CNN_MCTS,4,1534.774,1530.798,6504,772,4309,147
69,1,5,0,CNN_MCTS,37,13631.290,14600.104,3963437,5065446,32005,1097
70,0,2,1,MLP_MCTS,15,6092.573,5385.147,827860,406,12591,399
70,1,2,0,MLP_MCTS,38,14372.104,14645.355,6874225,3108319,19055,894
71,0,5,1,MLP_MCTS,23,9124.014,8500.733,773122,614,18765,590
71,1,5,0,MLP_MCTS,28,10618.420,10794.547,2946006,4534,17813,758
72,0,5,1,MLP_MCTS,7,3042.524,2308.007,600792,166,5934,169
72,1,5,0,CNN_MCTS,33,12132.509,13109.576,2040739,2735389,21797,834
73,0,6,1,MLP_MCTS,13,5328.433,4634.352,901397,364,10482,328
73,1,6,0,MLP_MCTS,28,10624.501,10816.956,1740644,773,21048,755
74,0,2,1,DRAW,40,15139.693,15415.508,4490516,4317682,22253,944
74,1,2,0,MLP_MCTS,14,5326.460,5389.458,868969,431,11075,394
75,0,4,1,MLP_MCTS,3,1519.260,768.800,646590,203,2805,60
75,1,4,0,MLP_MCTS,30,11371.329,11513.412,4737258,831337,22884,932
76,0,3,1,MLP_MCTS,27,10633.859,9964.436,2172289,956,28887,900
76,1,3,0,MLP_MCTS,20,7601.494,7668.876,1857446,714,20261,704
77,0,5,1,MLP_MCTS,37,14384.032,13808.427,7797440,3707161,27689,1052
77,1,5,0,MLP_MCTS,4,1519.546,1528.180,802606,138,3372,134
78,0,5,1,MLP_MCTS,5,2274.026,1530.269,2318010,210,5210,182
78,1,5,0,MLP_MCTS,16,6091.878,6128.615,869571,695,18976,648
79,0,2,1,MLP_MCTS,13,5327.356,4610.163,1650980,880,11242,383
79,1,2,0,MLP_MCTS,30,11355.077,11486.283,8739936,4046965,20888,923
80,0,5,1,MLP_MCTS,27,10617.128,9921.151,4471071,627952,34329,1091
80,1,5,0,MLP_MCTS,24,9107.966,9149.994,2554552,1725,32583,1042
81,0,6,1,MLP_MCTS,5,2278.001,1524.912,1469359,189,6352,191
81,1,6,0,MLP_MCTS,14,5324.790,5367.454,1494636,613,14075,568
82,0,4,1,MLP_MCTS,17,6839.205,6136.518,1921157,862,18132,591
82,1,4,0,MLP_MCTS,28,10592.075,10704.602,6583942,1424853,23483,1007
83,0,6,1,MLP_MCTS,17,6829.016,6098.083,2574700,3502,20674,708
83,1,6,0,MLP_MCTS,28,10600.524,10713.963,6628196,2336959,21069,860
84,0,3,1,MLP_MCTS,9,3804.111,3052.130,2046245,352,10596,340
84,1,3,0,MLP_MCTS,4,1517.259,1528.219,1114977,201,4546,193
85,0,5,1,MLP_MCTS,7,3039.911,2296.316,1135272,277,8160,238
85,1,5,0,MLP_MCTS,18,6843.144,6899.243,406790,866,17925,602
86,0,4,1,MLP_MCTS,11,4560.959,3830.763,305911,457,13802,374
86,1,4,0,CNN_MCTS,27,9870.133,10667.765,1088877,92967,34433,1285
87,0,5,1,MLP_MCTS,7,3040.679,2292.336,1665018,315,9959,296
87,1,5,0,DRAW,37,13614.524,14472.926,8577595,9062310,36621,1433
88,0,6,1,CNN_MCTS,28,10592.163,10641.946,6088074,6014107,29819,1169
88,1,6,0,MLP_MCTS,22,8334.364,8391.131,3885836,1542,29369,1078
89,0,5,1,MLP_MCTS,21,8335.988,7620.151,3998225,5218,27688,964
89,1,5,0,CNN_MCTS,29,10599.879,11440.338,3686659,3182154,31347,1242
90,0,4,1,MLP_MCTS,21,8359.741,7670.563,1241074,729,23179,730
90,1,4,0,MLP_MCTS,16,6088.515,6127.824,1017997,1093,14244,507
91,0,4,1,MLP_MCTS,3,1520.264,768.336,634654,61,3025,62
91,1,4,0,CNN_MCTS,17,6083.025,6922.827,17132,1519,16102,591
92,0,5,1,CNN_MCTS,28,10605.647,10713.103,3227035,3066615,26686,1029
92,1,5,0,MLP_MCTS,20,7597.213,7632.481,1690658,2141,29744,966
93,0,6,1,MLP_MCTS,7,3038.330,2286.863,1653367,359,10177,293
93,1,6,0,MLP_MCTS,26,9867.206,9926.737,2612416,1199,33550,1117
94,0,6,1,CNN_MCTS,20,7605.312,7624.056,50041,1834,31772,978
94,1,6,0,MLP_MCTS,2,757.105,761.224,1287637,100,1483,95
95,0,6,1,MLP_MCTS,27,10598.094,9896.681,5686432,7391,35078,1291
95,1,6,0,CNN_MCTS,29,10607.006,11425.800,866356,9052,38089,1431
96,0,2,1,MLP_MCTS,5,2276.504,1522.174,1315329,987,6937,206
96,1,2,0,MLP_MCTS,32,12104.779,12178.585,7319597,1884068,38357,1467
97,0,3,1,MLP_MCTS,15,6075.687,5333.054,2162351,778,22475,687
97,1,3,0,MLP_MCTS,20,7604.747,7640.809,630806,1130,31126,984
98,0,4,1,CNN_MCTS,16,6080.643,6089.545,83186,13939,24773,781
98,1,4,0,MLP_MCTS,8,3033.112,3042.663,2110078,416,8721,386
99,0,6,1,MLP_MCTS,3,1515.236,764.359,1480963,348,4337,99
99,1,6,0,MLP_MCTS,12,4550.574,4578.726,2379523,776,15988,592
